Account,bbgid,rawTicker,name,lei,title,cusip,isin,ticker,invCountry,assetCat,issuerCat,derivCat,counterpartyName,counterpartyLei,putOrCall,writtenOrPur,exercisePrice,exercisePriceCurCd,expDt,delta,refInstType,refIndexName,refIndexIdentifier,swapFlag,terminationDt,notionalAmt,swapCurCd,unrealizedAppr,valUSD,pctVal,recFixedOrFloating,recDesc,pmntFixedOrFloating,pmntFloatingRtIndex,pmntFloatingRtSpread,pmntPmntAmt,pmntCurCdLeg,pmntRateTenor,pmntRateUnit,refIssuerName,refIssueTitle,refCusip,refIsin,refTicker,maturityDt,couponKind,annualizedRt,isDefault,areIntrstPmntsInArrs,isPaidKind
CIVG,00206RKG6 Corp,00206RKG6,AT&T Inc 1.65% 02/01/2028,549300Z40J86GGSTL398,AT&T Inc 1.65% 02/01/2028,00206RKG6,US00206RKG64,,US,DBT,CORP,,,,,,,,,,,,,,,,,,,,,,,,,,,,,,,,,,2028-02-01,Fixed,1.65,,,
CIVG,002824BS8 Corp,002824BS8,Abbott Laboratories 4% 03/15/2,HQD377W2YR662HK5JX27,Abbott Laboratories 4% 03/15/2031,002824BS8,US002824BS80,,US,DBT,CORP,,,,,,,,,,,,,,,,,,,,,,,,,,,,,,,,,,2031-03-15,Fixed,4,,,
CIVG,00287YBX6 Corp,00287YBX6,AbbVie Inc 3.2% 11/21/2029,FR5LCKFTG8054YNNRU85,AbbVie Inc 3.2% 11/21/2029,00287YBX6,US00287YBX67,,US,DBT,CORP,,,,,,,,,,,,,,,,,,,,,,,,,,,,,,,,,,2029-11-21,Fixed,3.2,,,
CIVG,00724PAD1 Corp,00724PAD1,Adobe Inc 2.3% 02/01/2030,FU4LY2G4933NH2E1CP29,Adobe Inc 2.3% 02/01/2030,00724PAD1,US00724PAD15,,US,DBT,CORP,,,,,,,,,,,,,,,,,,,,,,,,,,,,,,,,,,2030-02-01,Fixed,2.3,,,
CIVG,015271AU3 Corp,015271AU3,Alexandria Real Estate Equitie,MGCJBT4MKTQBVLNUIS88,Alexandria Real Estate Equities Inc 4.9% 12/15/2030,015271AU3,US015271AU38,,US,DBT,CORP,,,,,,,,,,,,,,,,,,,,,,,,,,,,,,,,,,2030-12-15,Fixed,4.9,,,
CIVG,01609WAT9 Corp,01609WAT9,Alibaba Group Holding Ltd 3.4%,5493001NTNQJDH60PM02,Alibaba Group Holding Ltd 3.4% 12/06/2027,01609WAT9,US01609WAT99,,HK,DBT,CORP,,,,,,,,,,,,,,,,,,,,,,,,,,,,,,,,,,2027-12-06,Fixed,3.4,,,
CIVG,017175AE0 Corp,017175AE0,Alleghany Corp 3.625% 05/15/20,549300DCJE6AYX159479,Alleghany Corp 3.625% 05/15/2030,017175AE0,US017175AE07,,US,DBT,CORP,,,,,,,,,,,,,,,,,,,,,,,,,,,,,,,,,,2030-05-15,Fixed,3.625,,,
CIVG,02079KBK2 Corp,02079KBK2,Alphabet Inc 4.1% 02/15/2031,5493006MHB84DD0ZWV18,Alphabet Inc 4.1% 02/15/2031,02079KBK2,US02079KBK25,,US,DBT,CORP,,,,,,,,,,,,,,,,,,,,,,,,,,,,,,,,,,2031-02-15,Fixed,4.1,,,
CIVG,02209SBD4 Corp,02209SBD4,Altria Group Inc 4.8% 02/14/20,XSGZFLO9YTNO9VCQV219,Altria Group Inc 4.8% 02/14/2029,02209SBD4,US02209SBD45,,US,DBT,CORP,,,,,,,,,,,,,,,,,,,,,,,,,,,,,,,,,,2029-02-14,Fixed,4.8,,,
CIVG,023135DD5 Corp,023135DD5,Amazon.com Inc 4.25% 03/13/203,ZXTILKJKG63JELOEG630,Amazon.com Inc 4.25% 03/13/2031,023135DD5,US023135DD51,,US,DBT,CORP,,,,,,,,,,,,,,,,,,,,,,,,,,,,,,,,,,2031-03-13,Fixed,4.25,,,
CIVG,025816ED7 Corp,025816ED7,American Express Co 4.731% 04/,R4PP93JZOLY261QX3811,American Express Co 4.731% 04/25/2029,025816ED7,US025816ED77,,US,DBT,CORP,,,,,,,,,,,,,,,,,,,,,,,,,,,,,,,,,,2029-04-25,Variable,4.731,,,
CIVG,03040WAS4 Corp,03040WAS4,American Water Capital Corp 3.,5IDHQUFVC8Q2KIBBFF06,American Water Capital Corp 3.75% 09/01/2028,03040WAS4,US03040WAS44,,US,DBT,CORP,,,,,,,,,,,,,,,,,,,,,,,,,,,,,,,,,,2028-09-01,Fixed,3.75,,,
CIVG,031162DP2 Corp,031162DP2,Amgen Inc 5.15% 03/02/2028,62QBXGPJ34PQ72Z12S66,Amgen Inc 5.15% 03/02/2028,031162DP2,US031162DP23,,US,DBT,CORP,,,,,,,,,,,,,,,,,,,,,,,,,,,,,,,,,,2028-03-02,Fixed,5.15,,,
CIVG,032095AT8 Corp,032095AT8,Amphenol Corp 4.375% 06/12/202,549300D3L3G0R4U4VT04,Amphenol Corp 4.375% 06/12/2028,032095AT8,US032095AT89,,US,DBT,CORP,,,,,,,,,,,,,,,,,,,,,,,,,,,,,,,,,,2028-06-12,Fixed,4.375,,,
CIVG,035240AV2 Corp,035240AV2,Anheuser-Busch InBev Worldwide,549300CRGMZK3K53BF92,Anheuser-Busch InBev Worldwide Inc 3.5% 06/01/2030,035240AV2,US035240AV25,,US,DBT,CORP,,,,,,,,,,,,,,,,,,,,,,,,,,,,,,,,,,2030-06-01,Fixed,3.5,,,
CIVG,036752AP8 Corp,036752AP8,Elevance Health Inc 2.55% 03/1,8MYN82XMYQH89CTMTH67,Elevance Health Inc 2.55% 03/15/2031,036752AP8,US036752AP88,,US,DBT,CORP,,,,,,,,,,,,,,,,,,,,,,,,,,,,,,,,,,2031-03-15,Fixed,2.55,,,
CIVG,037833ED8 Corp,037833ED8,Apple Inc 1.65% 02/08/2031,HWUPKR0MPOU8FGXBT394,Apple Inc 1.65% 02/08/2031,037833ED8,US037833ED89,,US,DBT,CORP,,,,,,,,,,,,,,,,,,,,,,,,,,,,,,,,,,2031-02-08,Fixed,1.65,,,
CIVG,04010LBB8 Corp,04010LBB8,Ares Capital Corp 2.875% 06/15,WEQ82666OJYSI5GUAB47,Ares Capital Corp 2.875% 06/15/2028,04010LBB8,US04010LBB80,,US,DBT,CORP,,,,,,,,,,,,,,,,,,,,,,,,,,,,,,,,,,2028-06-15,Fixed,2.875,,,
CIVG,04010LBF9 Corp,04010LBF9,Ares Capital Corp 5.875% 03/01,WEQ82666OJYSI5GUAB47,Ares Capital Corp 5.875% 03/01/2029,04010LBF9,US04010LBF94,,US,DBT,CORP,,,,,,,,,,,,,,,,,,,,,,,,,,,,,,,,,,2029-03-01,Fixed,5.875,,,
CIVG,04636NAF0 Corp,04636NAF0,Astrazeneca Finance LLC 4.875%,549300C3HATU4Q460S18,Astrazeneca Finance LLC 4.875% 03/03/2028,04636NAF0,US04636NAF06,,US,DBT,CORP,,,,,,,,,,,,,,,,,,,,,,,,,,,,,,,,,,2028-03-03,Fixed,4.875,,,
CIVG,051473AD8 Corp,051473AD8,Augusta SpinCo Corp 4.656% 03/,N/A,Augusta SpinCo Corp 4.656% 03/23/2031,051473AD8,US051473AD89,,US,DBT,CORP,,,,,,,,,,,,,,,,,,,,,,,,,,,,,,,,,,2031-03-23,Fixed,4.656,,,
CIVG,05351WAB9 Corp,05351WAB9,Avangrid Inc 3.8% 06/01/2029,549300OX0Q38NLSKPB49,Avangrid Inc 3.8% 06/01/2029,05351WAB9,US05351WAB90,,US,DBT,CORP,,,,,,,,,,,,,,,,,,,,,,,,,,,,,,,,,,2029-06-01,Fixed,3.8,,,
CIVG,054989AA6 Corp,054989AA6,BAT Capital Corp 6.343% 08/02/,2138005GYEXN7XRHFA84,BAT Capital Corp 6.343% 08/02/2030,054989AA6,US054989AA67,,US,DBT,CORP,,,,,,,,,,,,,,,,,,,,,,,,,,,,,,,,,,2030-08-02,Fixed,6.343,,,
CIVG,05555LAD3 Corp,05555LAD3,BGC Group Inc 6.15% 04/02/2030,2549001IGRCG4F0RLD36,BGC Group Inc 6.15% 04/02/2030,05555LAD3,US05555LAD38,,US,DBT,CORP,,,,,,,,,,,,,,,,,,,,,,,,,,,,,,,,,,2030-04-02,Fixed,6.15,,,
CIVG,05946KAX9 Corp,05946KAX9,Banco Bilbao Vizcaya Argentari,K8MS7FD7N5Z2WQ51AZ71,Banco Bilbao Vizcaya Argentaria SA 4.968% 05/08/2031,05946KAX9,US05946KAX90,,ES,DBT,CORP,,,,,,,,,,,,,,,,,,,,,,,,,,,,,,,,,,2031-05-08,Fixed,4.968,,,
CIVG,06051GHD4 Corp,06051GHD4,Bank of America Corp 3.419% 12,9DJT3UXIJIZJI4WXO774,Bank of America Corp 3.419% 12/20/2028,06051GHD4,US06051GHD43,,US,DBT,CORP,,,,,,,,,,,,,,,,,,,,,,,,,,,,,,,,,,2028-12-20,Variable,3.419,,,
CIVG,06051GJT7 Corp,06051GJT7,Bank of America Corp 2.687% 04,9DJT3UXIJIZJI4WXO774,Bank of America Corp 2.687% 04/22/2032,06051GJT7,US06051GJT76,,US,DBT,CORP,,,,,,,,,,,,,,,,,,,,,,,,,,,,,,,,,,2032-04-22,Variable,2.687,,,
CIVG,06368LGV2 Corp,06368LGV2,Bank of Montreal 5.203% 02/01/,NQQ6HPCNCCU6TUTQYE16,Bank of Montreal 5.203% 02/01/2028,06368LGV2,US06368LGV27,,CA,DBT,CORP,,,,,,,,,,,,,,,,,,,,,,,,,,,,,,,,,,2028-02-01,Fixed,5.203,,,
CIVG,06406RCB1 Corp,06406RCB1,Bank of New York Mellon Corp/T,WFLLPEPC7FZXENRZV188,Bank of New York Mellon Corp/The 4.942% 02/11/2031,06406RCB1,US06406RCB15,,US,DBT,CORP,,,,,,,,,,,,,,,,,,,,,,,,,,,,,,,,,,2031-02-11,Variable,4.942,,,
CIVG,06418GAQ0 Corp,06418GAQ0,Bank of Nova Scotia/The 5.13% ,L3I9ZG2KFGXZ61BMYR72,Bank of Nova Scotia/The 5.13% 02/14/2031,06418GAQ0,US06418GAQ01,,CA,DBT,CORP,,,,,,,,,,,,,,,,,,,,,,,,,,,,,,,,,,2031-02-14,Variable,5.13,,,
CIVG,06738ECY9 Corp,06738ECY9,Barclays PLC 5.367% 02/25/2031,213800LBQA1Y9L22JB70,Barclays PLC 5.367% 02/25/2031,06738ECY9,US06738ECY95,,GB,DBT,CORP,,,,,,,,,,,,,,,,,,,,,,,,,,,,,,,,,,2031-02-25,Variable,5.367,,,
CIVG,09247XAQ4 Corp,09247XAQ4,Blackrock Inc 2.4% 04/30/2030,549300LRIF3NWCU26A80,Blackrock Inc 2.4% 04/30/2030,09247XAQ4,US09247XAQ43,,US,DBT,CORP,,,,,,,,,,,,,,,,,,,,,,,,,,,,,,,,,,2030-04-30,Fixed,2.4,,,
CIVG,09261HCC9 Corp,09261HCC9,Blackstone Private Credit Fund,549300ORP3TTCNXSYO43,Blackstone Private Credit Fund 5.95% 05/15/2031,09261HCC9,US09261HCC97,,US,DBT,CORP,,,,,,,,,,,,,,,,,,,,,,,,,,,,,,,,,,2031-05-15,Fixed,5.95,,,
CIVG,09261XAJ1 Corp,09261XAJ1,Blackstone Secured Lending Fun,549300KM7KWQHVBNH962,Blackstone Secured Lending Fund 5.35% 04/13/2028,09261XAJ1,US09261XAJ19,,US,DBT,CORP,,,,,,,,,,,,,,,,,,,,,,,,,,,,,,,,,,2028-04-13,Fixed,5.35,,,
CIVG,097023CY9 Corp,097023CY9,Boeing Co/The 5.15% 05/01/2030,RVHJWBXLJ1RFUBSY1F30,Boeing Co/The 5.15% 05/01/2030,097023CY9,US097023CY98,,US,DBT,CORP,,,,,,,,,,,,,,,,,,,,,,,,,,,,,,,,,,2030-05-01,Fixed,5.15,,,
CIVG,10112RBD5 Corp,10112RBD5,Boston Properties LP 3.25% 01/,BVHHEFJI6SHNOKQT2572,Boston Properties LP 3.25% 01/30/2031,10112RBD5,US10112RBD52,,US,DBT,CORP,,,,,,,,,,,,,,,,,,,,,,,,,,,,,,,,,,2031-01-30,Fixed,3.25,,,
CIVG,10373QAE0 Corp,10373QAE0,BP Capital Markets America Inc,5493009NTB34VXE1T760,BP Capital Markets America Inc 4.234% 11/06/2028,10373QAE0,US10373QAE08,,US,DBT,CORP,,,,,,,,,,,,,,,,,,,,,,,,,,,,,,,,,,2028-11-06,Fixed,4.234,,,
CIVG,111021AE1 Corp,111021AE1,British Telecommunications PLC,549300OWFMSO9NYV4H90,British Telecommunications PLC 9.625% 12/15/2030,111021AE1,US111021AE12,,GB,DBT,CORP,,,,,,,,,,,,,,,,,,,,,,,,,,,,,,,,,,2030-12-15,Fixed,9.625,,,
CIVG,11120VAH6 Corp,11120VAH6,Brixmor Operating Partnership ,549300CJHBL7JBUA6503,Brixmor Operating Partnership LP 4.125% 05/15/2029,11120VAH6,US11120VAH69,,US,DBT,CORP,,,,,,,,,,,,,,,,,,,,,,,,,,,,,,,,,,2029-05-15,Fixed,4.125,,,
CIVG,11135FCB5 Corp,11135FCB5,Broadcom Inc 4.35% 02/15/2030,549300WV6GIDOZJTV909,Broadcom Inc 4.35% 02/15/2030,11135FCB5,US11135FCB58,,US,DBT,CORP,,,,,,,,,,,,,,,,,,,,,,,,,,,,,,,,,,2030-02-15,Fixed,4.35,,,
CIVG,12541WAA8 Corp,12541WAA8,CH Robinson Worldwide Inc 4.2%,529900WNWN5L0OVDHA79,CH Robinson Worldwide Inc 4.2% 04/15/2028,12541WAA8,US12541WAA80,,US,DBT,CORP,,,,,,,,,,,,,,,,,,,,,,,,,,,,,,,,,,2028-04-15,Fixed,4.2,,,
CIVG,125523AH3 Corp,125523AH3,Cigna Group/The 4.375% 10/15/2,549300VIWYMSIGT1U456,Cigna Group/The 4.375% 10/15/2028,125523AH3,US125523AH38,,US,DBT,CORP,,,,,,,,,,,,,,,,,,,,,,,,,,,,,,,,,,2028-10-15,Fixed,4.375,,,
CIVG,125896BU3 Corp,125896BU3,CMS Energy Corp 4.75% 06/01/20,549300IA9XFBAGNIBW29,CMS Energy Corp 4.75% 06/01/2050,125896BU3,US125896BU39,,US,DBT,CORP,,,,,,,,,,,,,,,,,,,,,,,,,,,,,,,,,,2050-06-01,Variable,4.75,,,
CIVG,126650CX6 Corp,126650CX6,CVS Health Corp 4.3% 03/25/202,549300EJG376EN5NQE29,CVS Health Corp 4.3% 03/25/2028,126650CX6,US126650CX62,,US,DBT,CORP,,,,,,,,,,,,,,,,,,,,,,,,,,,,,,,,,,2028-03-25,Fixed,4.3,,,
CIVG,13607LNG4 Corp,13607LNG4,Canadian Imperial Bank of Comm,2IGI19DL77OX0HC3ZE78,Canadian Imperial Bank of Commerce 5.001% 04/28/2028,13607LNG4,US13607LNG40,,CA,DBT,CORP,,,,,,,,,,,,,,,,,,,,,,,,,,,,,,,,,,2028-04-28,Fixed,5.001,,,
CIVG,13607QWB4 Corp,13607QWB4,Canadian Imperial Bank of Comm,2IGI19DL77OX0HC3ZE78,Canadian Imperial Bank of Commerce 4.283% 01/29/2030,13607QWB4,US13607QWB49,,CA,DBT,CORP,,,,,,,,,,,,,,,,,,,,,,,,,,,,,,,,,,2030-01-29,Variable,4.283,,,
CIVG,14040HCN3 Corp,14040HCN3,Capital One Financial Corp 3.2,ZUE8T73ROZOF6FLBAR73,Capital One Financial Corp 3.273% 03/01/2030,14040HCN3,US14040HCN35,,US,DBT,CORP,,,,,,,,,,,,,,,,,,,,,,,,,,,,,,,,,,2030-03-01,Variable,3.273,,,
CIVG,14040HCZ6 Corp,14040HCZ6,Capital One Financial Corp 6.3,ZUE8T73ROZOF6FLBAR73,Capital One Financial Corp 6.312% 06/08/2029,14040HCZ6,US14040HCZ64,,US,DBT,CORP,,,,,,,,,,,,,,,,,,,,,,,,,,,,,,,,,,2029-06-08,Variable,6.312,,,
CIVG,14149YBN7 Corp,14149YBN7,Cardinal Health Inc 5.125% 02/,CCU46N3GJMF4OK4N7U60,Cardinal Health Inc 5.125% 02/15/2029,14149YBN7,US14149YBN76,,US,DBT,CORP,,,,,,,,,,,,,,,,,,,,,,,,,,,,,,,,,,2029-02-15,Fixed,5.125,,,
CIVG,14913V2D9 Corp,14913V2D9,Caterpillar Financial Services,EDBQKYOPJUCJKLOJDE72,Caterpillar Financial Services Corp 4.5% 05/15/2031,14913V2D9,US14913V2D99,,US,DBT,CORP,,,,,,,,,,,,,,,,,,,,,,,,,,,,,,,,,,2031-05-15,Fixed,4.5,,,
CIVG,166764BY5 Corp,166764BY5,Chevron Corp 2.236% 05/11/2030,N/A,Chevron Corp 2.236% 05/11/2030,166764BY5,US166764BY53,,US,DBT,CORP,,,,,,,,,,,,,,,,,,,,,,,,,,,,,,,,,,2030-05-11,Fixed,2.236,,,
CIVG,17275RBR2 Corp,17275RBR2,Cisco Systems Inc 4.85% 02/26/,549300LKFJ962MZ46593,Cisco Systems Inc 4.85% 02/26/2029,17275RBR2,US17275RBR21,,US,DBT,CORP,,,,,,,,,,,,,,,,,,,,,,,,,,,,,,,,,,2029-02-26,Fixed,4.85,,,
CIVG,17275RBS0 Corp,17275RBS0,Cisco Systems Inc 4.95% 02/26/,549300LKFJ962MZ46593,Cisco Systems Inc 4.95% 02/26/2031,17275RBS0,US17275RBS04,,US,DBT,CORP,,,,,,,,,,,,,,,,,,,,,,,,,,,,,,,,,,2031-02-26,Fixed,4.95,,,
CIVG,172967KA8 Corp,172967KA8,Citigroup Inc 4.45% 09/29/2027,6SHGI4ZSSLCXXQSBB395,Citigroup Inc 4.45% 09/29/2027,172967KA8,US172967KA87,,US,DBT,CORP,,,,,,,,,,,,,,,,,,,,,,,,,,,,,,,,,,2027-09-29,Fixed,4.45,,,
CIVG,172967MP3 Corp,172967MP3,Citigroup Inc 4.412% 03/31/203,6SHGI4ZSSLCXXQSBB395,Citigroup Inc 4.412% 03/31/2031,172967MP3,US172967MP39,,US,DBT,CORP,,,,,,,,,,,,,,,,,,,,,,,,,,,,,,,,,,2031-03-31,Variable,4.412,,,
CIVG,174610BF1 Corp,174610BF1,Citizens Financial Group Inc 5,2138004JDDA4ZQUPFW65,Citizens Financial Group Inc 5.841% 01/23/2030,174610BF1,US174610BF15,,US,DBT,CORP,,,,,,,,,,,,,,,,,,,,,,,,,,,,,,,,,,2030-01-23,Variable,5.841,,,
CIVG,200340AT4 Corp,200340AT4,Fifth Third Financial Corp 4% ,N/A,Fifth Third Financial Corp 4% 02/01/2029,200340AT4,US200340AT44,,US,DBT,CORP,,,,,,,,,,,,,,,,,,,,,,,,,,,,,,,,,,2029-02-01,Fixed,4,,,
CIVG,205887CC4 Corp,205887CC4,Conagra Brands Inc 4.85% 11/01,54930035UDEIH090K650,Conagra Brands Inc 4.85% 11/01/2028,205887CC4,US205887CC49,,US,DBT,CORP,,,,,,,,,,,,,,,,,,,,,,,,,,,,,,,,,,2028-11-01,Fixed,4.85,,,
CIVG,225401AP3 Corp,225401AP3,UBS Group AG 4.194% 04/01/2031,549300SZJ9VS8SGXAN81,UBS Group AG 4.194% 04/01/2031,225401AP3,US225401AP33,,CH,DBT,CORP,,,,,,,,,,,,,,,,,,,,,,,,,,,,,,,,,,2031-04-01,Variable,4.194,,,
CIVG,22822VAK7 Corp,22822VAK7,Crown Castle Inc 3.8% 02/15/20,54930012H97VSM0I2R19,Crown Castle Inc 3.8% 02/15/2028,22822VAK7,US22822VAK70,,US,DBT,CORP,,,,,,,,,,,,,,,,,,,,,,,,,,,,,,,,,,2028-02-15,Fixed,3.8,,,
CIVG,233331BK2 Corp,233331BK2,DTE Energy Co 5.1% 03/01/2029,549300IX8SD6XXD71I78,DTE Energy Co 5.1% 03/01/2029,233331BK2,US233331BK28,,US,DBT,CORP,,,,,,,,,,,,,,,,,,,,,,,,,,,,,,,,,,2029-03-01,Fixed,5.1,,,
CIVG,24422EWR6 Corp,24422EWR6,John Deere Capital Corp 4.75% ,E0KSF7PFQ210NWI8Z391,John Deere Capital Corp 4.75% 01/20/2028,24422EWR6,US24422EWR60,,US,DBT,CORP,,,,,,,,,,,,,,,,,,,,,,,,,,,,,,,,,,2028-01-20,Fixed,4.75,,,
CIVG,251526CU1 Corp,251526CU1,Deutsche Bank AG/New York NY 6,7LTWFZYICNSX8D621K86,Deutsche Bank AG/New York NY 6.819% 11/20/2029,251526CU1,US251526CU14,,US,DBT,CORP,,,,,,,,,,,,,,,,,,,,,,,,,,,,,,,,,,2029-11-20,Variable,6.819,,,
CIVG,254687FX9 Corp,254687FX9,Walt Disney Co/The 2.65% 01/13,549300GZKULIZ0WOW665,Walt Disney Co/The 2.65% 01/13/2031,254687FX9,US254687FX90,,US,DBT,CORP,,,,,,,,,,,,,,,,,,,,,,,,,,,,,,,,,,2031-01-13,Fixed,2.65,,,
CIVG,256677AG0 Corp,256677AG0,Dollar General Corp 3.5% 04/03,OPX52SQVOZI8IVSWYU66,Dollar General Corp 3.5% 04/03/2030,256677AG0,US256677AG02,,US,DBT,CORP,,,,,,,,,,,,,,,,,,,,,,,,,,,,,,,,,,2030-04-03,Fixed,3.5,,,
CIVG,256746AH1 Corp,256746AH1,Dollar Tree Inc 4.2% 05/15/202,549300PMSTQITB1WHR43,Dollar Tree Inc 4.2% 05/15/2028,256746AH1,US256746AH16,,US,DBT,CORP,,,,,,,,,,,,,,,,,,,,,,,,,,,,,,,,,,2028-05-15,Fixed,4.2,,,
CIVG,26442CAX2 Corp,26442CAX2,Duke Energy Carolinas LLC 3.95,MWIUSDMN17TCR56VW396,Duke Energy Carolinas LLC 3.95% 11/15/2028,26442CAX2,US26442CAX20,,US,DBT,CORP,,,,,,,,,,,,,,,,,,,,,,,,,,,,,,,,,,2028-11-15,Fixed,3.95,,,
CIVG,26884LBD0 Corp,26884LBD0,EQT Corp 4.75% 01/15/2031,4NT01YGM4X7ZX86ISY52,EQT Corp 4.75% 01/15/2031,26884LBD0,US26884LBD01,,US,DBT,CORP,,,,,,,,,,,,,,,,,,,,,,,,,,,,,,,,,,2031-01-15,Fixed,4.75,,,
CIVG,277432AZ3 Corp,277432AZ3,Eastman Chemical Co 5% 08/01/2,FDPVHDGJ1IQZFK9KH630,Eastman Chemical Co 5% 08/01/2029,277432AZ3,US277432AZ35,,US,DBT,CORP,,,,,,,,,,,,,,,,,,,,,,,,,,,,,,,,,,2029-08-01,Fixed,5,,,
CIVG,278058DW9 Corp,278058DW9,Eaton Corp 3.95% 03/06/2029,0NZWDMRCE180888QQE14,Eaton Corp 3.95% 03/06/2029,278058DW9,US278058DW93,,US,DBT,CORP,,,,,,,,,,,,,,,,,,,,,,,,,,,,,,,,,,2029-03-06,Fixed,3.95,,,
CIVG,278642AW3 Corp,278642AW3,eBay Inc 2.7% 03/11/2030,OML71K8X303XQONU6T67,eBay Inc 2.7% 03/11/2030,278642AW3,US278642AW32,,US,DBT,CORP,,,,,,,,,,,,,,,,,,,,,,,,,,,,,,,,,,2030-03-11,Fixed,2.7,,,
CIVG,29249EAA7 Corp,29249EAA7,Enact Holdings Inc 6.25% 05/28,9845003CA5664B741N19,Enact Holdings Inc 6.25% 05/28/2029,29249EAA7,US29249EAA73,,US,DBT,CORP,,,,,,,,,,,,,,,,,,,,,,,,,,,,,,,,,,2029-05-28,Fixed,6.25,,,
CIVG,29278DAA3 Corp,29278DAA3,Enel Chile SA 4.875% 06/12/202,549300YM5CWCAUVOPB53,Enel Chile SA 4.875% 06/12/2028,29278DAA3,US29278DAA37,,CL,DBT,CORP,,,,,,,,,,,,,,,,,,,,,,,,,,,,,,,,,,2028-06-12,Fixed,4.875,,,
CIVG,29278NAG8 Corp,29278NAG8,Energy Transfer LP 5.25% 04/15,MTLVN9N7JE8MIBIJ1H73,Energy Transfer LP 5.25% 04/15/2029,29278NAG8,US29278NAG88,,US,DBT,CORP,,,,,,,,,,,,,,,,,,,,,,,,,,,,,,,,,,2029-04-15,Fixed,5.25,,,
CIVG,29379VBV4 Corp,29379VBV4,Enterprise Products Operating ,5493004LGN656HWLDA30,Enterprise Products Operating LLC 3.125% 07/31/2029,29379VBV4,US29379VBV45,,US,DBT,CORP,,,,,,,,,,,,,,,,,,,,,,,,,,,,,,,,,,2029-07-31,Fixed,3.125,,,
CIVG,30040WAT5 Corp,30040WAT5,Eversource Energy 5.45% 03/01/,SJ7XXD41SQU3ZNWUJ746,Eversource Energy 5.45% 03/01/2028,30040WAT5,US30040WAT53,,US,DBT,CORP,,,,,,,,,,,,,,,,,,,,,,,,,,,,,,,,,,2028-03-01,Fixed,5.45,,,
CIVG,30225VAK3 Corp,30225VAK3,Extra Space Storage LP 5.5% 07,549300YNKSKNZFR8UC42,Extra Space Storage LP 5.5% 07/01/2030,30225VAK3,US30225VAK35,,US,DBT,CORP,,,,,,,,,,,,,,,,,,,,,,,,,,,,,,,,,,2030-07-01,Fixed,5.5,,,
CIVG,30231GBK7 Corp,30231GBK7,Exxon Mobil Corp 3.482% 03/19/,N/A,Exxon Mobil Corp 3.482% 03/19/2030,30231GBK7,US30231GBK76,,US,DBT,CORP,,,,,,,,,,,,,,,,,,,,,,,,,,,,,,,,,,2030-03-19,Fixed,3.482,,,
CIVG,30303M8L9 Corp,30303M8L9,Meta Platforms Inc 4.6% 05/15/,BQ4BKCS1HXDV9HN80Z93,Meta Platforms Inc 4.6% 05/15/2028,30303M8L9,US30303M8L96,,US,DBT,CORP,,,,,,,,,,,,,,,,,,,,,,,,,,,,,,,,,,2028-05-15,Fixed,4.6,,,
CIVG,30303MAB8 Corp,30303MAB8,Meta Platforms Inc 4.2% 11/15/,BQ4BKCS1HXDV9HN80Z93,Meta Platforms Inc 4.2% 11/15/2030,30303MAB8,US30303MAB81,,US,DBT,CORP,,,,,,,,,,,,,,,,,,,,,,,,,,,,,,,,,,2030-11-15,Fixed,4.2,,,
CIVG,31488VAB3 Corp,31488VAB3,Ferguson Enterprises Inc 4.35%,2138003JYQMRP3SLX189,Ferguson Enterprises Inc 4.35% 03/15/2031,31488VAB3,US31488VAB36,,US,DBT,CORP,,,,,,,,,,,,,,,,,,,,,,,,,,,,,,,,,,2031-03-15,Fixed,4.35,,,
CIVG,31620MCA2 Corp,31620MCA2,Fidelity National Information ,6WQI0GK1PRFVBA061U48,Fidelity National Information Services Inc 4.45% 03/10/2028,31620MCA2,US31620MCA27,,US,DBT,CORP,,,,,,,,,,,,,,,,,,,,,,,,,,,,,,,,,,2028-03-10,Fixed,4.45,,,
CIVG,31620MCD6 Corp,31620MCD6,Fidelity National Information ,6WQI0GK1PRFVBA061U48,Fidelity National Information Services Inc 4.55% 03/10/2029,31620MCD6,US31620MCD65,,US,DBT,CORP,,,,,,,,,,,,,,,,,,,,,,,,,,,,,,,,,,2029-03-10,Fixed,4.55,,,
CIVG,320517AE5 Corp,320517AE5,First Horizon Corp 5.514% 03/0,TF3RXI1ZB1TQ30H9JV10,First Horizon Corp 5.514% 03/07/2031,320517AE5,US320517AE51,,US,DBT,CORP,,,,,,,,,,,,,,,,,,,,,,,,,,,,,,,,,,2031-03-07,Variable,5.514,,,
CIVG,337738AU2 Corp,337738AU2,Fiserv Inc 3.5% 07/01/2029,GI7UBEJLXYLGR2C7GV83,Fiserv Inc 3.5% 07/01/2029,337738AU2,US337738AU25,,US,DBT,CORP,,,,,,,,,,,,,,,,,,,,,,,,,,,,,,,,,,2029-07-01,Fixed,3.5,,,
CIVG,345397ZR7 Corp,345397ZR7,Ford Motor Credit Co LLC 5.113,UDSQCVRUX5BONN0VY111,Ford Motor Credit Co LLC 5.113% 05/03/2029,345397ZR7,US345397ZR75,,US,DBT,CORP,,,,,,,,,,,,,,,,,,,,,,,,,,,,,,,,,,2029-05-03,Fixed,5.113,,,
CIVG,369604BZ5 Corp,369604BZ5,General Electric Co 4.3% 07/29,3C7474T6CDKPR9K6YT90,General Electric Co 4.3% 07/29/2030,369604BZ5,US369604BZ56,,US,DBT,CORP,,,,,,,,,,,,,,,,,,,,,,,,,,,,,,,,,,2030-07-29,Fixed,4.3,,,
CIVG,370334CG7 Corp,370334CG7,General Mills Inc 4.2% 04/17/2,2TGYMUGI08PO8X8L6150,General Mills Inc 4.2% 04/17/2028,370334CG7,US370334CG79,,US,DBT,CORP,,,,,,,,,,,,,,,,,,,,,,,,,,,,,,,,,,2028-04-17,Fixed,4.2,,,
CIVG,37045XEB8 Corp,37045XEB8,General Motors Financial Co In,5493008B6JBRUJ90QL97,General Motors Financial Co Inc 6% 01/09/2028,37045XEB8,US37045XEB82,,US,DBT,CORP,,,,,,,,,,,,,,,,,,,,,,,,,,,,,,,,,,2028-01-09,Fixed,6,,,
CIVG,373334KY6 Corp,373334KY6,Georgia Power Co 4.55% 03/15/2,D981X4Z4RWS7PDMJUZ03,Georgia Power Co 4.55% 03/15/2030,373334KY6,US373334KY63,,US,DBT,CORP,,,,,,,,,,,,,,,,,,,,,,,,,,,,,,,,,,2030-03-15,Fixed,4.55,,,
CIVG,377372AN7 Corp,377372AN7,GlaxoSmithKline Capital Inc 3.,5493007Q8VD7Q3ZYZS59,GlaxoSmithKline Capital Inc 3.875% 05/15/2028,377372AN7,US377372AN70,,US,DBT,CORP,,,,,,,,,,,,,,,,,,,,,,,,,,,,,,,,,,2028-05-15,Fixed,3.875,,,
CIVG,38141GA87 Corp,38141GA87,Goldman Sachs Group Inc/The 5.,784F5XWPLTWKTBV3E584,Goldman Sachs Group Inc/The 5.727% 04/25/2030,38141GA87,US38141GA872,,US,DBT,CORP,,,,,,,,,,,,,,,,,,,,,,,,,,,,,,,,,,2030-04-25,Variable,5.727,,,
CIVG,38145GAP5 Corp,38145GAP5,Goldman Sachs Group Inc/The 4.,784F5XWPLTWKTBV3E584,Goldman Sachs Group Inc/The 4.148% 01/21/2029,38145GAP5,US38145GAP54,,US,DBT,CORP,,,,,,,,,,,,,,,,,,,,,,,,,,,,,,,,,,2029-01-21,Variable,4.148,,,
CIVG,38152BAH4 Corp,38152BAH4,Goldman Sachs Private Credit C,549300TD27G6372IYJ65,Goldman Sachs Private Credit Corp 5.875% 01/31/2031,38152BAH4,US38152BAH42,,US,DBT,CORP,,,,,,,,,,,,,,,,,,,,,,,,,,,,,,,,,,2031-01-31,Fixed,5.875,,,
CIVG,404119CA5 Corp,404119CA5,HCA Inc 3.5% 09/01/2030,L3CJ6J7LJ2DX62FTXD46,HCA Inc 3.5% 09/01/2030,404119CA5,US404119CA57,,US,DBT,CORP,,,,,,,,,,,,,,,,,,,,,,,,,,,,,,,,,,2030-09-01,Fixed,3.5,,,
CIVG,404280CC1 Corp,404280CC1,HSBC Holdings PLC 3.973% 05/22,MLU0ZO3ML4LN2LL2TL39,HSBC Holdings PLC 3.973% 05/22/2030,404280CC1,US404280CC17,,GB,DBT,CORP,,,,,,,,,,,,,,,,,,,,,,,,,,,,,,,,,,2030-05-22,Variable,3.973,,,
CIVG,404280CL1 Corp,404280CL1,HSBC Holdings PLC 2.013% 09/22,MLU0ZO3ML4LN2LL2TL39,HSBC Holdings PLC 2.013% 09/22/2028,404280CL1,US404280CL16,,GB,DBT,CORP,,,,,,,,,,,,,,,,,,,,,,,,,,,,,,,,,,2028-09-22,Variable,2.013,,,
CIVG,413875AW5 Corp,413875AW5,L3Harris Technologies Inc 4.4%,549300UTE50ZMDBG8A20,L3Harris Technologies Inc 4.4% 06/15/2028,413875AW5,US413875AW58,,US,DBT,CORP,,,,,,,,,,,,,,,,,,,,,,,,,,,,,,,,,,2028-06-15,Fixed,4.4,,,
CIVG,42824CBT5 Corp,42824CBT5,Hewlett Packard Enterprise Co ,549300BX44RGX6ANDV88,Hewlett Packard Enterprise Co 4.55% 10/15/2029,42824CBT5,US42824CBT53,,US,DBT,CORP,,,,,,,,,,,,,,,,,,,,,,,,,,,,,,,,,,2029-10-15,Fixed,4.55,,,
CIVG,437076BY7 Corp,437076BY7,Home Depot Inc/The 2.95% 06/15,QEKMOTMBBKA8I816DO57,Home Depot Inc/The 2.95% 06/15/2029,437076BY7,US437076BY77,,US,DBT,CORP,,,,,,,,,,,,,,,,,,,,,,,,,,,,,,,,,,2029-06-15,Fixed,2.95,,,
CIVG,437076CF7 Corp,437076CF7,Home Depot Inc/The 1.375% 03/1,QEKMOTMBBKA8I816DO57,Home Depot Inc/The 1.375% 03/15/2031,437076CF7,US437076CF79,,US,DBT,CORP,,,,,,,,,,,,,,,,,,,,,,,,,,,,,,,,,,2031-03-15,Fixed,1.375,,,
CIVG,43849RAE5 Corp,43849RAE5,Honeywell Aerospace Inc 4.3% 0,213800ZUAQRBYL67JS90,Honeywell Aerospace Inc 4.3% 03/16/2031,43849RAE5,US43849RAE53,,US,DBT,CORP,,,,,,,,,,,,,,,,,,,,,,,,,,,,,,,,,,2031-03-16,Fixed,4.3,,,
CIVG,443201AB4 Corp,443201AB4,Howmet Aerospace Inc 3% 01/15/,549300HO5WFZUT5N2T22,Howmet Aerospace Inc 3% 01/15/2029,443201AB4,US443201AB48,,US,DBT,CORP,,,,,,,,,,,,,,,,,,,,,,,,,,,,,,,,,,2029-01-15,Fixed,3,,,
CIVG,446150BC7 Corp,446150BC7,Huntington Bancshares Inc/OH 6,549300XTVCVV9I7B5T19,Huntington Bancshares Inc/OH 6.208% 08/21/2029,446150BC7,US446150BC73,,US,DBT,CORP,,,,,,,,,,,,,,,,,,,,,,,,,,,,,,,,,,2029-08-21,Variable,6.208,,,
CIVG,456837BU6 Corp,456837BU6,ING Groep NV 4.803% 03/23/2032,549300NYKK9MWM7GGW15,ING Groep NV 4.803% 03/23/2032,456837BU6,US456837BU63,,NL,DBT,CORP,,,,,,,,,,,,,,,,,,,,,,,,,,,,,,,,,,2032-03-23,Variable,4.803,,,
CIVG,45866FAV6 Corp,45866FAV6,Intercontinental Exchange Inc ,5493000F4ZO33MV32P92,Intercontinental Exchange Inc 4.35% 06/15/2029,45866FAV6,US45866FAV67,,US,DBT,CORP,,,,,,,,,,,,,,,,,,,,,,,,,,,,,,,,,,2029-06-15,Fixed,4.35,,,
CIVG,459200KA8 Corp,459200KA8,International Business Machine,VGRQXHF3J8VDLUA7XE92,International Business Machines Corp 3.5% 05/15/2029,459200KA8,US459200KA85,,US,DBT,CORP,,,,,,,,,,,,,,,,,,,,,,,,,,,,,,,,,,2029-05-15,Fixed,3.5,,,
CIVG,46647PDG8 Corp,46647PDG8,JPMorgan Chase & Co 4.851% 07/,8I5DZWZKVSZI1NUHU748,JPMorgan Chase & Co 4.851% 07/25/2028,46647PDG8,US46647PDG81,,US,DBT,CORP,,,,,,,,,,,,,,,,,,,,,,,,,,,,,,,,,,2028-07-25,Variable,4.851,,,
CIVG,49271VAF7 Corp,49271VAF7,Keurig Dr Pepper Inc 4.597% 05,DYTQ8KRTKO7Y2BVU5K74,Keurig Dr Pepper Inc 4.597% 05/25/2028,49271VAF7,US49271VAF76,,US,DBT,CORP,,,,,,,,,,,,,,,,,,,,,,,,,,,,,,,,,,2028-05-25,Fixed,4.597,,,
CIVG,49271VAU4 Corp,49271VAU4,Keurig Dr Pepper Inc 5.2% 03/1,DYTQ8KRTKO7Y2BVU5K74,Keurig Dr Pepper Inc 5.2% 03/15/2031,49271VAU4,US49271VAU44,,US,DBT,CORP,,,,,,,,,,,,,,,,,,,,,,,,,,,,,,,,,,2031-03-15,Fixed,5.2,,,
CIVG,49326EEQ2 Corp,49326EEQ2,KeyCorp 5.121% 04/04/2031,RKPI3RZGV1V1FJTH5T61,KeyCorp 5.121% 04/04/2031,49326EEQ2,US49326EEQ26,,US,DBT,CORP,,,,,,,,,,,,,,,,,,,,,,,,,,,,,,,,,,2031-04-04,Variable,5.121,,,
CIVG,52532XAH8 Corp,52532XAH8,Leidos Inc 2.3% 02/15/2031,5493006I78VIN6J1BQ95,Leidos Inc 2.3% 02/15/2031,52532XAH8,US52532XAH89,,US,DBT,CORP,,,,,,,,,,,,,,,,,,,,,,,,,,,,,,,,,,2031-02-15,Fixed,2.3,,,
CIVG,539439AQ2 Corp,539439AQ2,Lloyds Banking Group PLC 3.574,549300PPXHEU2JF0AM85,Lloyds Banking Group PLC 3.574% 11/07/2028,539439AQ2,US539439AQ24,,GB,DBT,CORP,,,,,,,,,,,,,,,,,,,,,,,,,,,,,,,,,,2028-11-07,Variable,3.574,,,
CIVG,548661EA1 Corp,548661EA1,Lowe's Cos Inc 2.625% 04/01/20,WAFCR4OKGSC504WU3E95,Lowe's Cos Inc 2.625% 04/01/2031,548661EA1,US548661EA10,,US,DBT,CORP,,,,,,,,,,,,,,,,,,,,,,,,,,,,,,,,,,2031-04-01,Fixed,2.625,,,
CIVG,55261FAS3 Corp,55261FAS3,M&T Bank Corp 7.413% 10/30/202,549300WYXDDBYRASEG81,M&T Bank Corp 7.413% 10/30/2029,55261FAS3,US55261FAS39,,US,DBT,CORP,,,,,,,,,,,,,,,,,,,,,,,,,,,,,,,,,,2029-10-30,Variable,7.413,,,
CIVG,55261FAT1 Corp,55261FAT1,M&T Bank Corp 6.082% 03/13/203,549300WYXDDBYRASEG81,M&T Bank Corp 6.082% 03/13/2032,55261FAT1,US55261FAT12,,US,DBT,CORP,,,,,,,,,,,,,,,,,,,,,,,,,,,,,,,,,,2032-03-13,Variable,6.082,,,
CIVG,55336VCA6 Corp,55336VCA6,MPLX LP 4.8% 02/15/2031,5493000CZJ19CK4P3G36,MPLX LP 4.8% 02/15/2031,55336VCA6,US55336VCA61,,US,DBT,CORP,,,,,,,,,,,,,,,,,,,,,,,,,,,,,,,,,,2031-02-15,Fixed,4.8,,,
CIVG,571748BG6 Corp,571748BG6,Marsh & McLennan Cos Inc 4.375,549300XMP3KDCKJXIU47,Marsh & McLennan Cos Inc 4.375% 03/15/2029,571748BG6,US571748BG65,,US,DBT,CORP,,,,,,,,,,,,,,,,,,,,,,,,,,,,,,,,,,2029-03-15,Fixed,4.375,,,
CIVG,571903BE2 Corp,571903BE2,Marriott International Inc/MD ,225YDZ14ZO8E1TXUSU86,Marriott International Inc/MD 4.625% 06/15/2030,571903BE2,US571903BE27,,US,DBT,CORP,,,,,,,,,,,,,,,,,,,,,,,,,,,,,,,,,,2030-06-15,Fixed,4.625,,,
CIVG,57636QAM6 Corp,57636QAM6,Mastercard Inc 2.95% 06/01/202,AR5L2ODV9HN37376R084,Mastercard Inc 2.95% 06/01/2029,57636QAM6,US57636QAM69,,US,DBT,CORP,,,,,,,,,,,,,,,,,,,,,,,,,,,,,,,,,,2029-06-01,Fixed,2.95,,,
CIVG,58933YAX3 Corp,58933YAX3,Merck & Co Inc 3.4% 03/07/2029,4YV9Y5M8S0BRK1RP0397,Merck & Co Inc 3.4% 03/07/2029,58933YAX3,US58933YAX31,,US,DBT,CORP,,,,,,,,,,,,,,,,,,,,,,,,,,,,,,,,,,2029-03-07,Fixed,3.4,,,
CIVG,595017BE3 Corp,595017BE3,Microchip Technology Inc 5.05%,5493007PTFULNYZJ1R12,Microchip Technology Inc 5.05% 03/15/2029,595017BE3,US595017BE37,,US,DBT,CORP,,,,,,,,,,,,,,,,,,,,,,,,,,,,,,,,,,2029-03-15,Fixed,5.05,,,
CIVG,595620AT2 Corp,595620AT2,MidAmerican Energy Co 3.65% 04,NINLOILYRTLIMK26MZ18,MidAmerican Energy Co 3.65% 04/15/2029,595620AT2,US595620AT22,,US,DBT,CORP,,,,,,,,,,,,,,,,,,,,,,,,,,,,,,,,,,2029-04-15,Fixed,3.65,,,
CIVG,606822BM5 Corp,606822BM5,Mitsubishi UFJ Financial Group,353800V2V8PUY9TK3E06,Mitsubishi UFJ Financial Group Inc 3.195% 07/18/2029,606822BM5,US606822BM52,,JP,DBT,CORP,,,,,,,,,,,,,,,,,,,,,,,,,,,,,,,,,,2029-07-18,Fixed,3.195,,,
CIVG,606822DW1 Corp,606822DW1,Mitsubishi UFJ Financial Group,353800V2V8PUY9TK3E06,Mitsubishi UFJ Financial Group Inc 4.847% 04/21/2032,606822DW1,US606822DW17,,JP,DBT,CORP,,,,,,,,,,,,,,,,,,,,,,,,,,,,,,,,,,2032-04-21,Variable,4.847,,,
CIVG,60687YCR8 Corp,60687YCR8,Mizuho Financial Group Inc 5.7,353800CI5L6DDAN5XZ33,Mizuho Financial Group Inc 5.739% 05/27/2031,60687YCR8,US60687YCR80,,JP,DBT,CORP,,,,,,,,,,,,,,,,,,,,,,,,,,,,,,,,,,2031-05-27,Variable,5.739,,,
CIVG,6174468G7 Corp,6174468G7,Morgan Stanley 4.431% 01/23/20,IGJSJL3JD5P30I6NJZ34,Morgan Stanley 4.431% 01/23/2030,6174468G7,US6174468G77,,US,DBT,CORP,,,,,,,,,,,,,,,,,,,,,,,,,,,,,,,,,,2030-01-23,Variable,4.431,,,
CIVG,61744YAP3 Corp,61744YAP3,Morgan Stanley 3.772% 01/24/20,IGJSJL3JD5P30I6NJZ34,Morgan Stanley 3.772% 01/24/2029,61744YAP3,US61744YAP34,,US,DBT,CORP,,,,,,,,,,,,,,,,,,,,,,,,,,,,,,,,,,2029-01-24,Variable,3.772,,,
CIVG,62954HBA5 Corp,62954HBA5,NXP BV / NXP Funding LLC / NXP,N/A,NXP BV / NXP Funding LLC / NXP USA Inc 2.5% 05/11/2031,62954HBA5,US62954HBA59,,NL,DBT,CORP,,,,,,,,,,,,,,,,,,,,,,,,,,,,,,,,,,2031-05-11,Fixed,2.5,,,
CIVG,637432NP6 Corp,637432NP6,National Rural Utilities Coope,4NYF266XZC35SCTGX023,National Rural Utilities Cooperative Finance Corp 3.4% 02/07/2028,637432NP6,US637432NP60,,US,DBT,CORP,,,,,,,,,,,,,,,,,,,,,,,,,,,,,,,,,,2028-02-07,Fixed,3.4,,,
CIVG,639057AK4 Corp,639057AK4,NatWest Group PLC 5.808% 09/13,2138005O9XJIJN4JPN90,NatWest Group PLC 5.808% 09/13/2029,639057AK4,US639057AK45,,GB,DBT,CORP,,,,,,,,,,,,,,,,,,,,,,,,,,,,,,,,,,2029-09-13,Variable,5.808,,,
CIVG,65339KBR0 Corp,65339KBR0,NextEra Energy Capital Holding,UMI46YPGBLUE4VGNNT48,NextEra Energy Capital Holdings Inc 2.25% 06/01/2030,65339KBR0,US65339KBR05,,US,DBT,CORP,,,,,,,,,,,,,,,,,,,,,,,,,,,,,,,,,,2030-06-01,Fixed,2.25,,,
CIVG,654106AK9 Corp,654106AK9,NIKE Inc 2.85% 03/27/2030,787RXPR0UX0O0XUXPZ81,NIKE Inc 2.85% 03/27/2030,654106AK9,US654106AK94,,US,DBT,CORP,,,,,,,,,,,,,,,,,,,,,,,,,,,,,,,,,,2030-03-27,Fixed,2.85,,,
CIVG,665859AU8 Corp,665859AU8,Northern Trust Corp 3.15% 05/0,549300GLF98S992BC502,Northern Trust Corp 3.15% 05/03/2029,665859AU8,US665859AU89,,US,DBT,CORP,,,,,,,,,,,,,,,,,,,,,,,,,,,,,,,,,,2029-05-03,Fixed,3.15,,,
CIVG,666807BN1 Corp,666807BN1,Northrop Grumman Corp 3.25% 01,RIMU48P07456QXSO0R61,Northrop Grumman Corp 3.25% 01/15/2028,666807BN1,US666807BN13,,US,DBT,CORP,,,,,,,,,,,,,,,,,,,,,,,,,,,,,,,,,,2028-01-15,Fixed,3.25,,,
CIVG,66989HBF4 Corp,66989HBF4,Novartis Capital Corp 4.1% 03/,5493002KF87V5RSRQS84,Novartis Capital Corp 4.1% 03/16/2029,66989HBF4,US66989HBF47,,US,DBT,CORP,,,,,,,,,,,,,,,,,,,,,,,,,,,,,,,,,,2029-03-16,Fixed,4.1,,,
CIVG,682680CB7 Corp,682680CB7,ONEOK Inc 4.25% 09/24/2027,2T3D6M0JSY48PSZI1Q41,ONEOK Inc 4.25% 09/24/2027,682680CB7,US682680CB72,,US,DBT,CORP,,,,,,,,,,,,,,,,,,,,,,,,,,,,,,,,,,2027-09-24,Fixed,4.25,,,
CIVG,68389XCE3 Corp,68389XCE3,Oracle Corp 2.875% 03/25/2031,1Z4GXXU7ZHVWFCD8TV52,Oracle Corp 2.875% 03/25/2031,68389XCE3,US68389XCE31,,US,DBT,CORP,,,,,,,,,,,,,,,,,,,,,,,,,,,,,,,,,,2031-03-25,Fixed,2.875,,,
CIVG,69121KAH7 Corp,69121KAH7,Blue Owl Capital Corp 5.95% 03,2549000BD79OOCPF2L94,Blue Owl Capital Corp 5.95% 03/15/2029,69121KAH7,US69121KAH77,,US,DBT,CORP,,,,,,,,,,,,,,,,,,,,,,,,,,,,,,,,,,2029-03-15,Fixed,5.95,,,
CIVG,693475BX2 Corp,693475BX2,PNC Financial Services Group I,CFGNEKW0P8842LEUIA51,PNC Financial Services Group Inc/The 5.492% 05/14/2030,693475BX2,US693475BX24,,US,DBT,CORP,,,,,,,,,,,,,,,,,,,,,,,,,,,,,,,,,,2030-05-14,Variable,5.492,,,
CIVG,693475CD5 Corp,693475CD5,PNC Financial Services Group I,CFGNEKW0P8842LEUIA51,PNC Financial Services Group Inc/The 4.899% 05/13/2031,693475CD5,US693475CD50,,US,DBT,CORP,,,,,,,,,,,,,,,,,,,,,,,,,,,,,,,,,,2031-05-13,Variable,4.899,,,
CIVG,694308JM0 Corp,694308JM0,Pacific Gas and Electric Co 4.,1HNPXZSMMB7HMBMVBS46,Pacific Gas and Electric Co 4.55% 07/01/2030,694308JM0,US694308JM04,,US,DBT,CORP,,,,,,,,,,,,,,,,,,,,,,,,,,,,,,,,,,2030-07-01,Fixed,4.55,,,
CIVG,713448GA0 Corp,713448GA0,PepsiCo Inc 4.45% 02/07/2028,FJSUNZKFNQ5YPJ5OT455,PepsiCo Inc 4.45% 02/07/2028,713448GA0,US713448GA00,,US,DBT,CORP,,,,,,,,,,,,,,,,,,,,,,,,,,,,,,,,,,2028-02-07,Fixed,4.45,,,
CIVG,716973AD4 Corp,716973AD4,Pfizer Investment Enterprises ,5493000FQO8XF9C0RT95,Pfizer Investment Enterprises Pte Ltd 4.65% 05/19/2030,716973AD4,US716973AD41,,SG,DBT,CORP,,,,,,,,,,,,,,,,,,,,,,,,,,,,,,,,,,2030-05-19,Fixed,4.65,,,
CIVG,717081EW9 Corp,717081EW9,Pfizer Inc 2.625% 04/01/2030,765LHXWGK1KXCLTFYQ30,Pfizer Inc 2.625% 04/01/2030,717081EW9,US717081EW90,,US,DBT,CORP,,,,,,,,,,,,,,,,,,,,,,,,,,,,,,,,,,2030-04-01,Fixed,2.625,,,
CIVG,718172DA4 Corp,718172DA4,Philip Morris International In,HL3H1H2BGXWVG3BSWR90,Philip Morris International Inc 5.125% 02/15/2030,718172DA4,US718172DA46,,US,DBT,CORP,,,,,,,,,,,,,,,,,,,,,,,,,,,,,,,,,,2030-02-15,Fixed,5.125,,,
CIVG,72348NAA7 Corp,72348NAA7,Pinnacle Financial Partners In,N/A,Pinnacle Financial Partners Inc 5.596% 05/19/2032,72348NAA7,US72348NAA72,,US,DBT,CORP,,,,,,,,,,,,,,,,,,,,,,,,,,,,,,,,,,2032-05-19,Variable,5.596,,,
CIVG,742718FH7 Corp,742718FH7,Procter & Gamble Co/The 3% 03/,2572IBTT8CCZW6AU4141,Procter & Gamble Co/The 3% 03/25/2030,742718FH7,US742718FH71,,US,DBT,CORP,,,,,,,,,,,,,,,,,,,,,,,,,,,,,,,,,,2030-03-25,Fixed,3,,,
CIVG,74340XBM2 Corp,74340XBM2,Prologis LP 2.25% 04/15/2030,GL16H1DHB0QSHP25F723,Prologis LP 2.25% 04/15/2030,74340XBM2,US74340XBM20,,US,DBT,CORP,,,,,,,,,,,,,,,,,,,,,,,,,,,,,,,,,,2030-04-15,Fixed,2.25,,,
CIVG,74949LAC6 Corp,74949LAC6,RELX Capital Inc 4% 03/18/2029,2R15C3RTKJN1RCBOV146,RELX Capital Inc 4% 03/18/2029,74949LAC6,US74949LAC63,,US,DBT,CORP,,,,,,,,,,,,,,,,,,,,,,,,,,,,,,,,,,2029-03-18,Fixed,4,,,
CIVG,756109BR4 Corp,756109BR4,Realty Income Corp 4.85% 03/15,549300CUWDAUZSH43859,Realty Income Corp 4.85% 03/15/2030,756109BR4,US756109BR47,,US,DBT,CORP,,,,,,,,,,,,,,,,,,,,,,,,,,,,,,,,,,2030-03-15,Fixed,4.85,,,
CIVG,75886FAE7 Corp,75886FAE7,Regeneron Pharmaceuticals Inc ,549300RCBFWIRX3HYQ56,Regeneron Pharmaceuticals Inc 1.75% 09/15/2030,75886FAE7,US75886FAE79,,US,DBT,CORP,,,,,,,,,,,,,,,,,,,,,,,,,,,,,,,,,,2030-09-15,Fixed,1.75,,,
CIVG,76720AAS5 Corp,76720AAS5,Rio Tinto Finance USA PLC 4.87,2138006TSNBEUA761G16,Rio Tinto Finance USA PLC 4.875% 03/14/2030,76720AAS5,US76720AAS50,,GB,DBT,CORP,,,,,,,,,,,,,,,,,,,,,,,,,,,,,,,,,,2030-03-14,Fixed,4.875,,,
CIVG,775109DE8 Corp,775109DE8,Rogers Communications Inc 5% 0,5493000M6Z4XFIP6PF03,Rogers Communications Inc 5% 02/15/2029,775109DE8,US775109DE81,,CA,DBT,CORP,,,,,,,,,,,,,,,,,,,,,,,,,,,,,,,,,,2029-02-15,Fixed,5,,,
CIVG,776743AF3 Corp,776743AF3,Roper Technologies Inc 4.2% 09,54930003T4SXCIWVXY35,Roper Technologies Inc 4.2% 09/15/2028,776743AF3,US776743AF34,,US,DBT,CORP,,,,,,,,,,,,,,,,,,,,,,,,,,,,,,,,,,2028-09-15,Fixed,4.2,,,
CIVG,78017DAC2 Corp,78017DAC2,Royal Bank of Canada 5.153% 02,ES7IP3U3RHIGC71XBU11,Royal Bank of Canada 5.153% 02/04/2031,78017DAC2,US78017DAC20,,CA,DBT,CORP,,,,,,,,,,,,,,,,,,,,,,,,,,,,,,,,,,2031-02-04,Variable,5.153,,,
CIVG,78017DAN8 Corp,78017DAN8,Royal Bank of Canada 3.995% 11,ES7IP3U3RHIGC71XBU11,Royal Bank of Canada 3.995% 11/03/2028,78017DAN8,US78017DAN84,,CA,DBT,CORP,,,,,,,,,,,,,,,,,,,,,,,,,,,,,,,,,,2028-11-03,Variable,3.995,,,
CIVG,785592AX4 Corp,785592AX4,Sabine Pass Liquefaction LLC 4,549300KJYBG7C6WJYZ11,Sabine Pass Liquefaction LLC 4.5% 05/15/2030,785592AX4,US785592AX43,,US,DBT,CORP,,,,,,,,,,,,,,,,,,,,,,,,,,,,,,,,,,2030-05-15,Fixed,4.5,,,
CIVG,79466LAQ7 Corp,79466LAQ7,Salesforce Inc 4.5% 03/15/2028,RCGZFPDMRW58VJ54VR07,Salesforce Inc 4.5% 03/15/2028,79466LAQ7,US79466LAQ77,,US,DBT,CORP,,,,,,,,,,,,,,,,,,,,,,,,,,,,,,,,,,2028-03-15,Fixed,4.5,,,
CIVG,79466LAR5 Corp,79466LAR5,Salesforce Inc 4.65% 03/15/202,RCGZFPDMRW58VJ54VR07,Salesforce Inc 4.65% 03/15/2029,79466LAR5,US79466LAR50,,US,DBT,CORP,,,,,,,,,,,,,,,,,,,,,,,,,,,,,,,,,,2029-03-15,Fixed,4.65,,,
CIVG,80282KBF2 Corp,80282KBF2,Santander Holdings USA Inc 6.4,549300SMVCQN2P0O6I58,Santander Holdings USA Inc 6.499% 03/09/2029,80282KBF2,US80282KBF21,,US,DBT,CORP,,,,,,,,,,,,,,,,,,,,,,,,,,,,,,,,,,2029-03-09,Variable,6.499,,,
CIVG,808513CJ2 Corp,808513CJ2,Charles Schwab Corp/The 6.196%,549300VSGCJ7E698NM85,Charles Schwab Corp/The 6.196% 11/17/2029,808513CJ2,US808513CJ29,,US,DBT,CORP,,,,,,,,,,,,,,,,,,,,,,,,,,,,,,,,,,2029-11-17,Variable,6.196,,,
CIVG,816851BG3 Corp,816851BG3,Sempra 3.4% 02/01/2028,PBBKGKLRK5S5C0Y4T545,Sempra 3.4% 02/01/2028,816851BG3,US816851BG34,,US,DBT,CORP,,,,,,,,,,,,,,,,,,,,,,,,,,,,,,,,,,2028-02-01,Fixed,3.4,,,
CIVG,824348BJ4 Corp,824348BJ4,Sherwin-Williams Co/The 2.95% ,Z15BMIOX8DDH0X2OBP21,Sherwin-Williams Co/The 2.95% 08/15/2029,824348BJ4,US824348BJ44,,US,DBT,CORP,,,,,,,,,,,,,,,,,,,,,,,,,,,,,,,,,,2029-08-15,Fixed,2.95,,,
CIVG,828807DF1 Corp,828807DF1,Simon Property Group LP 2.45% ,MR92GTD0MJTTTTQDVG45,Simon Property Group LP 2.45% 09/13/2029,828807DF1,US828807DF17,,US,DBT,CORP,,,,,,,,,,,,,,,,,,,,,,,,,,,,,,,,,,2029-09-13,Fixed,2.45,,,
CIVG,83444MAP6 Corp,83444MAP6,Solventum Corp 5.4% 03/01/2029,254900I70403OSGY4M28,Solventum Corp 5.4% 03/01/2029,83444MAP6,US83444MAP68,,US,DBT,CORP,,,,,,,,,,,,,,,,,,,,,,,,,,,,,,,,,,2029-03-01,Fixed,5.4,,,
CIVG,842400JC8 Corp,842400JC8,Southern California Edison Co ,9R1Z5I36FERIBVKW4P77,Southern California Edison Co 5.15% 06/01/2029,842400JC8,US842400JC81,,US,DBT,CORP,,,,,,,,,,,,,,,,,,,,,,,,,,,,,,,,,,2029-06-01,Fixed,5.15,,,
CIVG,852060AD4 Corp,852060AD4,Sprint Capital Corp 6.875% 11/,549300L17W0GQBR1PO80,Sprint Capital Corp 6.875% 11/15/2028,852060AD4,US852060AD48,,US,DBT,CORP,,,,,,,,,,,,,,,,,,,,,,,,,,,,,,,,,,2028-11-15,Fixed,6.875,,,
CIVG,855244AZ2 Corp,855244AZ2,Starbucks Corp 2.55% 11/15/203,OQSJ1DU9TAOC51A47K68,Starbucks Corp 2.55% 11/15/2030,855244AZ2,US855244AZ28,,US,DBT,CORP,,,,,,,,,,,,,,,,,,,,,,,,,,,,,,,,,,2030-11-15,Fixed,2.55,,,
CIVG,857477CU5 Corp,857477CU5,State Street Corp 4.536% 02/28,549300ZFEEJ2IP5VME73,State Street Corp 4.536% 02/28/2028,857477CU5,US857477CU58,,US,DBT,CORP,,,,,,,,,,,,,,,,,,,,,,,,,,,,,,,,,,2028-02-28,Fixed,4.536,,,
CIVG,86562MCG3 Corp,86562MCG3,Sumitomo Mitsui Financial Grou,35380028MYWPB6AUO129,Sumitomo Mitsui Financial Group Inc 1.902% 09/17/2028,86562MCG3,US86562MCG33,,JP,DBT,CORP,,,,,,,,,,,,,,,,,,,,,,,,,,,,,,,,,,2028-09-17,Fixed,1.902,,,
CIVG,86562MED8 Corp,86562MED8,Sumitomo Mitsui Financial Grou,35380028MYWPB6AUO129,Sumitomo Mitsui Financial Group Inc 4.494% 01/15/2032,86562MED8,US86562MED83,,JP,DBT,CORP,,,,,,,,,,,,,,,,,,,,,,,,,,,,,,,,,,2032-01-15,Variable,4.494,,,
CIVG,87264ABF1 Corp,87264ABF1,T-Mobile USA Inc 3.875% 04/15/,549300V2JRLO5DIFGE82,T-Mobile USA Inc 3.875% 04/15/2030,87264ABF1,US87264ABF12,,US,DBT,CORP,,,,,,,,,,,,,,,,,,,,,,,,,,,,,,,,,,2030-04-15,Fixed,3.875,,,
CIVG,873923AC0 Corp,873923AC0,Sumisho Air Lease Corp 4.5% 03,5493004NW4M4P8TMMK63,Sumisho Air Lease Corp 4.5% 03/24/2029,873923AC0,US873923AC00,,US,DBT,CORP,,,,,,,,,,,,,,,,,,,,,,,,,,,,,,,,,,2029-03-24,Fixed,4.5,,,
CIVG,87612EBH8 Corp,87612EBH8,Target Corp 3.375% 04/15/2029,8WDDFXB5T1Z6J0XC1L66,Target Corp 3.375% 04/15/2029,87612EBH8,US87612EBH80,,US,DBT,CORP,,,,,,,,,,,,,,,,,,,,,,,,,,,,,,,,,,2029-04-15,Fixed,3.375,,,
CIVG,87612GAE1 Corp,87612GAE1,Targa Resources Corp 6.15% 03/,5493003QENHHS261UR94,Targa Resources Corp 6.15% 03/01/2029,87612GAE1,US87612GAE17,,US,DBT,CORP,,,,,,,,,,,,,,,,,,,,,,,,,,,,,,,,,,2029-03-01,Fixed,6.15,,,
CIVG,879360AD7 Corp,879360AD7,Teledyne Technologies Inc 2.25,549300VSMO9KYQWDND94,Teledyne Technologies Inc 2.25% 04/01/2028,879360AD7,US879360AD71,,US,DBT,CORP,,,,,,,,,,,,,,,,,,,,,,,,,,,,,,,,,,2028-04-01,Fixed,2.25,,,
CIVG,879385AD4 Corp,879385AD4,Telefonica Europe BV 8.25% 09/,7245007FZS0M65WUGP67,Telefonica Europe BV 8.25% 09/15/2030,879385AD4,US879385AD49,,NL,DBT,CORP,,,,,,,,,,,,,,,,,,,,,,,,,,,,,,,,,,2030-09-15,Fixed,8.25,,,
CIVG,882508BG8 Corp,882508BG8,Texas Instruments Inc 2.25% 09,WDJNR2L6D8RWOEB8T652,Texas Instruments Inc 2.25% 09/04/2029,882508BG8,US882508BG82,,US,DBT,CORP,,,,,,,,,,,,,,,,,,,,,,,,,,,,,,,,,,2029-09-04,Fixed,2.25,,,
CIVG,88339WAB2 Corp,88339WAB2,Williams Cos Inc/The 4.9% 03/1,D71FAKCBLFS2O0RBPG08,Williams Cos Inc/The 4.9% 03/15/2029,88339WAB2,US88339WAB28,,US,DBT,CORP,,,,,,,,,,,,,,,,,,,,,,,,,,,,,,,,,,2029-03-15,Fixed,4.9,,,
CIVG,89115KAB6 Corp,89115KAB6,Toronto-Dominion Bank/The 4.80,PT3QB789TSUIDF371261,Toronto-Dominion Bank/The 4.808% 06/03/2030,89115KAB6,US89115KAB61,,CA,DBT,CORP,,,,,,,,,,,,,,,,,,,,,,,,,,,,,,,,,,2030-06-03,Fixed,4.808,,,
CIVG,89153VAT6 Corp,89153VAT6,TotalEnergies Capital Internat,549300U37G2I8G4RUG09,TotalEnergies Capital International SA 2.829% 01/10/2030,89153VAT6,US89153VAT61,,FR,DBT,CORP,,,,,,,,,,,,,,,,,,,,,,,,,,,,,,,,,,2030-01-10,Fixed,2.829,,,
CIVG,89236TLL7 Corp,89236TLL7,Toyota Motor Credit Corp 4.65%,Z2VZBHUMB7PWWJ63I008,Toyota Motor Credit Corp 4.65% 01/05/2029,89236TLL7,US89236TLL79,,US,DBT,CORP,,,,,,,,,,,,,,,,,,,,,,,,,,,,,,,,,,2029-01-05,Fixed,4.65,,,
CIVG,89352HAW9 Corp,89352HAW9,TransCanada PipeLines Ltd 4.25,5BV01I6231JPDAPMGH09,TransCanada PipeLines Ltd 4.25% 05/15/2028,89352HAW9,US89352HAW97,,CA,DBT,CORP,,,,,,,,,,,,,,,,,,,,,,,,,,,,,,,,,,2028-05-15,Fixed,4.25,,,
CIVG,89788MAQ5 Corp,89788MAQ5,Truist Financial Corp 7.161% 1,549300DRQQI75D2JP341,Truist Financial Corp 7.161% 10/30/2029,89788MAQ5,US89788MAQ50,,US,DBT,CORP,,,,,,,,,,,,,,,,,,,,,,,,,,,,,,,,,,2029-10-30,Variable,7.161,,,
CIVG,89788MAU6 Corp,89788MAU6,Truist Financial Corp 5.071% 0,549300DRQQI75D2JP341,Truist Financial Corp 5.071% 05/20/2031,89788MAU6,US89788MAU62,,US,DBT,CORP,,,,,,,,,,,,,,,,,,,,,,,,,,,,,,,,,,2031-05-20,Variable,5.071,,,
CIVG,904764BC0 Corp,904764BC0,Unilever Capital Corp 3.5% 03/,MYF1DAS6G5WY7PRWCU78,Unilever Capital Corp 3.5% 03/22/2028,904764BC0,US904764BC04,,US,DBT,CORP,,,,,,,,,,,,,,,,,,,,,,,,,,,,,,,,,,2028-03-22,Fixed,3.5,,,
CIVG,91159HJK7 Corp,91159HJK7,US Bancorp 4.653% 02/01/2029,N1GZ7BBF3NP8GI976H15,US Bancorp 4.653% 02/01/2029,91159HJK7,US91159HJK77,,US,DBT,CORP,,,,,,,,,,,,,,,,,,,,,,,,,,,,,,,,,,2029-02-01,Variable,4.653,,,
CIVG,91159HJV3 Corp,91159HJV3,US Bancorp 5.083% 05/15/2031,N1GZ7BBF3NP8GI976H15,US Bancorp 5.083% 05/15/2031,91159HJV3,US91159HJV33,,US,DBT,CORP,,,,,,,,,,,,,,,,,,,,,,,,,,,,,,,,,,2031-05-15,Variable,5.083,,,
CIVG,913017CY3 Corp,913017CY3,RTX Corp 4.125% 11/16/2028,I07WOS4YJ0N7YRFE7309,RTX Corp 4.125% 11/16/2028,913017CY3,US913017CY37,,US,DBT,CORP,,,,,,,,,,,,,,,,,,,,,,,,,,,,,,,,,,2028-11-16,Fixed,4.125,,,
CIVG,91324PEQ1 Corp,91324PEQ1,UnitedHealth Group Inc 5.3% 02,549300GHBMY8T5GXDE41,UnitedHealth Group Inc 5.3% 02/15/2030,91324PEQ1,US91324PEQ19,,US,DBT,CORP,,,,,,,,,,,,,,,,,,,,,,,,,,,,,,,,,,2030-02-15,Fixed,5.3,,,
CIVG,92277GAM9 Corp,92277GAM9,Ventas Realty LP 4% 03/01/2028,32SXKSJ72K64GM3HOU64,Ventas Realty LP 4% 03/01/2028,92277GAM9,US92277GAM96,,US,DBT,CORP,,,,,,,,,,,,,,,,,,,,,,,,,,,,,,,,,,2028-03-01,Fixed,4,,,
CIVG,92343VGJ7 Corp,92343VGJ7,Verizon Communications Inc 2.5,2S72QS2UO2OESLG6Y829,Verizon Communications Inc 2.55% 03/21/2031,92343VGJ7,US92343VGJ70,,US,DBT,CORP,,,,,,,,,,,,,,,,,,,,,,,,,,,,,,,,,,2031-03-21,Fixed,2.55,,,
CIVG,92826CAM4 Corp,92826CAM4,Visa Inc 2.05% 04/15/2030,549300JZ4OKEHW3DPJ59,Visa Inc 2.05% 04/15/2030,92826CAM4,US92826CAM47,,US,DBT,CORP,,,,,,,,,,,,,,,,,,,,,,,,,,,,,,,,,,2030-04-15,Fixed,2.05,,,
CIVG,92840VBA9 Corp,92840VBA9,Vistra Operations Co LLC 5% 04,549300ZH5GKBTJZ7NM23,Vistra Operations Co LLC 5% 04/30/2031,92840VBA9,US92840VBA98,,US,DBT,CORP,,,,,,,,,,,,,,,,,,,,,,,,,,,,,,,,,,2031-04-30,Fixed,5,,,
CIVG,94106LCB3 Corp,94106LCB3,Waste Management Inc 4.5% 03/1,549300YX8JIID70NFS41,Waste Management Inc 4.5% 03/15/2028,94106LCB3,US94106LCB36,,US,DBT,CORP,,,,,,,,,,,,,,,,,,,,,,,,,,,,,,,,,,2028-03-15,Fixed,4.5,,,
CIVG,95000U3W1 Corp,95000U3W1,Wells Fargo & Co 5.15% 04/23/2,PBLD0EJDB5FWOLXP3B76,Wells Fargo & Co 5.15% 04/23/2031,95000U3W1,US95000U3W12,,US,DBT,CORP,,,,,,,,,,,,,,,,,,,,,,,,,,,,,,,,,,2031-04-23,Variable,5.15,,,
CIVG,961214EF6 Corp,961214EF6,Westpac Banking Corp 4.11% 07/,EN5TNI6CI43VEPAMHL14,Westpac Banking Corp 4.11% 07/24/2034,961214EF6,US961214EF61,,AU,DBT,CORP,,,,,,,,,,,,,,,,,,,,,,,,,,,,,,,,,,2034-07-24,Variable,4.11,,,
CIVG,961214EW9 Corp,961214EW9,Westpac Banking Corp 1.953% 11,EN5TNI6CI43VEPAMHL14,Westpac Banking Corp 1.953% 11/20/2028,961214EW9,US961214EW94,,AU,DBT,CORP,,,,,,,,,,,,,,,,,,,,,,,,,,,,,,,,,,2028-11-20,Fixed,1.953,,,
CIVG,980236AT0 Corp,980236AT0,Woodside Finance Ltd 5.4% 05/1,254900AIZKU6TGRRNZ98,Woodside Finance Ltd 5.4% 05/19/2030,980236AT0,US980236AT06,,AU,DBT,CORP,,,,,,,,,,,,,,,,,,,,,,,,,,,,,,,,,,2030-05-19,Fixed,5.4,,,
CIVG,FGXXX US Equity,FGXXX,First American Government Obli,549300R5MYM6VZF1RM44,First American Government Obligations Fund,31846V336,US31846V3362,FGXXX,US,STIV,RF,,,,,,,,,,,,,,,,,,,,,,,,,,,,,,,,,,,,,,,
